"conversation_id","created_at","favorite_count","full_text","id","is_pinned","is_quote_tweet","is_retweet","is_truncated","media/0/media_url","media/0/type","quote_count","reply_count","replying_to_tweet","retweet_count","startUrl","url","user/created_at","user/default_profile_image","user/description","user/fast_followers_count","user/favourites_count","user/followers_count","user/friends_count","user/has_custom_timelines","user/id_str","user/is_translator","user/listed_count","user/location","user/media_count","user/name","user/normal_followers_count","user/possibly_sensitive","user/profile_banner_url","user/profile_image_url_https","user/screen_name","user/statuses_count","user/translator_type","user/url","user/verified","user_mentions/0/id_str","user_mentions/0/name","user_mentions/0/profile","user_mentions/0/screen_name","view_count"
"1718965233761329541","2023-10-30T12:17:03.000Z","4875","Today, my little one-person business crossed $5M in revenue.

That was my big goal when I started on August 1st, 2019.

It took 1,548 days, I ran zero ads &amp; operate at a 92% margin.

Here are the 20 steps of my wild &amp; strange journey:

Hope they are helpful to someone ↓","1718965233761329541","true","false","false","false",,,"50","310",,"374","https://twitter.com/thejustinwelsh/with_replies","https://twitter.com/thejustinwelsh/status/1718965233761329541","2009-01-29T03:47:15.000Z","false","The Diversified Solopreneur | Building my one-person business to $5M in annual profit and sharing everything I learn along the way at https://t.co/27OAdtwjh5","0","103133","456153","894","true","19694536","false","7411","Join 185K+ readers →","831","Justin Welsh","456153","false","https://pbs.twimg.com/profile_banners/19694536/1690717979","https://pbs.twimg.com/profile_images/1365425625616556045/NDhia9nF_normal.jpg","thejustinwelsh","26263","none","https://t.co/hiULN7Eqg8","true",,,,,"1342254"
"1546467879415156736","2022-07-11T12:14:09.000Z","39165","Things I know at 41, I wish I had known at 21. 

🧵","1546467879415156736","false","false","false","false",,,"493","650",,"9373","https://twitter.com/thejustinwelsh/with_replies","https://twitter.com/thejustinwelsh/status/1546467879415156736","2009-01-29T03:47:15.000Z","false","The Diversified Solopreneur | Building my one-person business to $5M in annual profit and sharing everything I learn along the way at https://t.co/27OAdtwjh5","0","103133","456153","894","true","19694536","false","7411","Join 185K+ readers →","831","Justin Welsh","456153","false","https://pbs.twimg.com/profile_banners/19694536/1690717979","https://pbs.twimg.com/profile_images/1365425625616556045/NDhia9nF_normal.jpg","thejustinwelsh","26263","none","https://t.co/hiULN7Eqg8","true",,,,,
"1516457662900314119","2022-04-19T16:44:15.000Z","24463","I’ve done $2M in income in 2.5 years as a solopreneur.

And I didn't write a single line of code.

My 14 ""must use"" no-code tools:

[🧵 thread]","1516457662900314119","false","false","false","false",,,"212","555",,"4515","https://twitter.com/thejustinwelsh/with_replies","https://twitter.com/thejustinwelsh/status/1516457662900314119","2009-01-29T03:47:15.000Z","false","The Diversified Solopreneur | Building my one-person business to $5M in annual profit and sharing everything I learn along the way at https://t.co/27OAdtwjh5","0","103133","456153","894","true","19694536","false","7411","Join 185K+ readers →","831","Justin Welsh","456153","false","https://pbs.twimg.com/profile_banners/19694536/1690717979","https://pbs.twimg.com/profile_images/1365425625616556045/NDhia9nF_normal.jpg","thejustinwelsh","26263","none","https://t.co/hiULN7Eqg8","true",,,,,
"1694777914653389034","2023-08-24T18:25:16.000Z","16052","Make a habit of reaching out to people when you don't need something.","1694777914653389034","false","false","false","false",,,"178","289",,"3779","https://twitter.com/thejustinwelsh/with_replies","https://twitter.com/thejustinwelsh/status/1694777914653389034","2009-01-29T03:47:15.000Z","false","The Diversified Solopreneur | Building my one-person business to $5M in annual profit and sharing everything I learn along the way at https://t.co/27OAdtwjh5","0","103133","456153","894","true","19694536","false","7411","Join 185K+ readers →","831","Justin Welsh","456153","false","https://pbs.twimg.com/profile_banners/19694536/1690717979","https://pbs.twimg.com/profile_images/1365425625616556045/NDhia9nF_normal.jpg","thejustinwelsh","26263","none","https://t.co/hiULN7Eqg8","true",,,,,"926470"
"1700483444789145668","2023-09-09T12:17:01.000Z","16032","I paid a guy $130 to move a treadmill in 30 minutes.

Said he had 8 moves that day.

Do the math.

Have you made $1,040 in one day?

Everyone wants entrepreneurship to be fancy.

Sometimes it's just movin' treadmills.","1700483444789145668","false","false","false","false",,,"97","556",,"875","https://twitter.com/thejustinwelsh/with_replies","https://twitter.com/thejustinwelsh/status/1700483444789145668","2009-01-29T03:47:15.000Z","false","The Diversified Solopreneur | Building my one-person business to $5M in annual profit and sharing everything I learn along the way at https://t.co/27OAdtwjh5","0","103133","456153","894","true","19694536","false","7411","Join 185K+ readers →","831","Justin Welsh","456153","false","https://pbs.twimg.com/profile_banners/19694536/1690717979","https://pbs.twimg.com/profile_images/1365425625616556045/NDhia9nF_normal.jpg","thejustinwelsh","26263","none","https://t.co/hiULN7Eqg8","true",,,,,"1788967"
"1678738680901517314","2023-07-11T12:11:05.000Z","13233","Today I turn 42.

Here's every unique lesson someone taught me in my 20-year career:

1. Don't fuck around in your 20s.","1678738680901517314","false","false","false","false",,,"159","506",,"1991","https://twitter.com/thejustinwelsh/with_replies","https://twitter.com/thejustinwelsh/status/1678738680901517314","2009-01-29T03:47:15.000Z","false","The Diversified Solopreneur | Building my one-person business to $5M in annual profit and sharing everything I learn along the way at https://t.co/27OAdtwjh5","0","103133","456153","894","true","19694536","false","7411","Join 185K+ readers →","831","Justin Welsh","456153","false","https://pbs.twimg.com/profile_banners/19694536/1690717979","https://pbs.twimg.com/profile_images/1365425625616556045/NDhia9nF_normal.jpg","thejustinwelsh","26263","none","https://t.co/hiULN7Eqg8","true",,,,,"4201912"
"1547612421224665089","2022-07-14T16:02:09.000Z","10502","My one-person business does $105k/mo in revenue.

It costs me $623/mo to run it.

Here are the 11 no-code tools in my tech stack:

🧵","1547612421224665089","false","false","false","false",,,"103","361",,"1594","https://twitter.com/thejustinwelsh/with_replies","https://twitter.com/thejustinwelsh/status/1547612421224665089","2009-01-29T03:47:15.000Z","false","The Diversified Solopreneur | Building my one-person business to $5M in annual profit and sharing everything I learn along the way at https://t.co/27OAdtwjh5","0","103133","456153","894","true","19694536","false","7411","Join 185K+ readers →","831","Justin Welsh","456153","false","https://pbs.twimg.com/profile_banners/19694536/1690717979","https://pbs.twimg.com/profile_images/1365425625616556045/NDhia9nF_normal.jpg","thejustinwelsh","26263","none","https://t.co/hiULN7Eqg8","true",,,,,
"1595044757499166720","2022-11-22T13:21:19.000Z","10227","My one-person business does $169k/mo in revenue.

It costs me $623/mo + 2.9% to run it.

Here are the 11 no-code tools in my tech stack:

🧵","1595044757499166720","false","false","false","false",,,"83","570",,"1430","https://twitter.com/thejustinwelsh/with_replies","https://twitter.com/thejustinwelsh/status/1595044757499166720","2009-01-29T03:47:15.000Z","false","The Diversified Solopreneur | Building my one-person business to $5M in annual profit and sharing everything I learn along the way at https://t.co/27OAdtwjh5","0","103133","456153","894","true","19694536","false","7411","Join 185K+ readers →","831","Justin Welsh","456153","false","https://pbs.twimg.com/profile_banners/19694536/1690717979","https://pbs.twimg.com/profile_images/1365425625616556045/NDhia9nF_normal.jpg","thejustinwelsh","26263","none","https://t.co/hiULN7Eqg8","true",,,,,
"1458115989271371787","2021-11-09T16:55:16.000Z","10070","I’ve done over $1M in income in 2 years as an entrepreneur.

And I didn't write a single line of code.

My 12 ""must use"" no-code tools:

[🧵 thread}","1458115989271371787","false","false","false","false",,,"123","168",,"1918","https://twitter.com/thejustinwelsh/with_replies","https://twitter.com/thejustinwelsh/status/1458115989271371787","2009-01-29T03:47:15.000Z","false","The Diversified Solopreneur | Building my one-person business to $5M in annual profit and sharing everything I learn along the way at https://t.co/27OAdtwjh5","0","103133","456153","894","true","19694536","false","7411","Join 185K+ readers →","831","Justin Welsh","456153","false","https://pbs.twimg.com/profile_banners/19694536/1690717979","https://pbs.twimg.com/profile_images/1365425625616556045/NDhia9nF_normal.jpg","thejustinwelsh","26263","none","https://t.co/hiULN7Eqg8","true",,,,,
"1486473719723831306","2022-01-26T22:58:46.000Z","9562","I made $0 online in 2019.

3 years later:

- 100M+ impressions
- $1.7M in online income
- 4 successful revenue streams

What changed?

I started writing online every day.

Here's my simple 4-step process.

[Short 🧵]","1486473719723831306","false","false","false","false",,,"106","241",,"1438","https://twitter.com/thejustinwelsh/with_replies","https://twitter.com/thejustinwelsh/status/1486473719723831306","2009-01-29T03:47:15.000Z","false","The Diversified Solopreneur | Building my one-person business to $5M in annual profit and sharing everything I learn along the way at https://t.co/27OAdtwjh5","0","103133","456153","894","true","19694536","false","7411","Join 185K+ readers →","831","Justin Welsh","456153","false","https://pbs.twimg.com/profile_banners/19694536/1690717979","https://pbs.twimg.com/profile_images/1365425625616556045/NDhia9nF_normal.jpg","thejustinwelsh","26263","none","https://t.co/hiULN7Eqg8","true",,,,,
"1712442253010972886","2023-10-12T12:17:03.000Z","9797","Being underestimated is one of the biggest competitive advantages you can have.","1712442253010972886","false","false","false","false",,,"106","225",,"2266","https://twitter.com/thejustinwelsh/with_replies","https://twitter.com/thejustinwelsh/status/1712442253010972886","2009-01-29T03:47:15.000Z","false","The Diversified Solopreneur | Building my one-person business to $5M in annual profit and sharing everything I learn along the way at https://t.co/27OAdtwjh5","0","103133","456153","894","true","19694536","false","7411","Join 185K+ readers →","831","Justin Welsh","456153","false","https://pbs.twimg.com/profile_banners/19694536/1690717979","https://pbs.twimg.com/profile_images/1365425625616556045/NDhia9nF_normal.jpg","thejustinwelsh","26263","none","https://t.co/hiULN7Eqg8","true",,,,,"596491"
"1453029782631895043","2021-10-26T16:04:30.000Z","9440","Last week my little one-person business crossed $1.3M in revenue.

It took 810 days, I ran zero paid ads and operate at a ~98% margin.

Here are the 14 steps of my strange journey:

Hope it's helpful to someone.

[🧵 thread]","1453029782631895043","false","false","false","false",,,"182","459",,"1237","https://twitter.com/thejustinwelsh/with_replies","https://twitter.com/thejustinwelsh/status/1453029782631895043","2009-01-29T03:47:15.000Z","false","The Diversified Solopreneur | Building my one-person business to $5M in annual profit and sharing everything I learn along the way at https://t.co/27OAdtwjh5","0","103133","456153","894","true","19694536","false","7411","Join 185K+ readers →","831","Justin Welsh","456153","false","https://pbs.twimg.com/profile_banners/19694536/1690717979","https://pbs.twimg.com/profile_images/1365425625616556045/NDhia9nF_normal.jpg","thejustinwelsh","26263","none","https://t.co/hiULN7Eqg8","true",,,,,
"1589606689262780417","2022-11-07T13:12:22.000Z","9120","Today, my little one-person business crossed $3M in revenue.

It took 1,187 days, I ran zero ads &amp; operate at a 94% margin.

Here are the 20 steps of my wild &amp; strange journey:

Hope it's helpful to someone.

[🧵 thread]","1589606689262780417","false","false","false","false",,,"173","657",,"1212","https://twitter.com/thejustinwelsh/with_replies","https://twitter.com/thejustinwelsh/status/1589606689262780417","2009-01-29T03:47:15.000Z","false","The Diversified Solopreneur | Building my one-person business to $5M in annual profit and sharing everything I learn along the way at https://t.co/27OAdtwjh5","0","103133","456153","894","true","19694536","false","7411","Join 185K+ readers →","831","Justin Welsh","456153","false","https://pbs.twimg.com/profile_banners/19694536/1690717979","https://pbs.twimg.com/profile_images/1365425625616556045/NDhia9nF_normal.jpg","thejustinwelsh","26263","none","https://t.co/hiULN7Eqg8","true",,,,,
"1632369194372149248","2023-03-05T13:15:18.000Z","9124","I escaped the rat race 3.5 years ago.

My secret sauce is not playing status games.

I don't:

- want to change the world.
- want to build the next unicorn.
- want to be featured on any lists.
- want to get the highest valuation.","1632369194372149248","false","false","false","false",,,"81","204",,"817","https://twitter.com/thejustinwelsh/with_replies","https://twitter.com/thejustinwelsh/status/1632369194372149248","2009-01-29T03:47:15.000Z","false","The Diversified Solopreneur | Building my one-person business to $5M in annual profit and sharing everything I learn along the way at https://t.co/27OAdtwjh5","0","103133","456153","894","true","19694536","false","7411","Join 185K+ readers →","831","Justin Welsh","456153","false","https://pbs.twimg.com/profile_banners/19694536/1690717979","https://pbs.twimg.com/profile_images/1365425625616556045/NDhia9nF_normal.jpg","thejustinwelsh","26263","none","https://t.co/hiULN7Eqg8","true",,,,,"2704486"
"1607727421901398016","2022-12-27T13:17:42.000Z","8888","How to stop procrastinating (for good):","1607727421901398016","false","false","false","false",,,"174","308",,"2182","https://twitter.com/thejustinwelsh/with_replies","https://twitter.com/thejustinwelsh/status/1607727421901398016","2009-01-29T03:47:15.000Z","false","The Diversified Solopreneur | Building my one-person business to $5M in annual profit and sharing everything I learn along the way at https://t.co/27OAdtwjh5","0","103133","456153","894","true","19694536","false","7411","Join 185K+ readers →","831","Justin Welsh","456153","false","https://pbs.twimg.com/profile_banners/19694536/1690717979","https://pbs.twimg.com/profile_images/1365425625616556045/NDhia9nF_normal.jpg","thejustinwelsh","26263","none","https://t.co/hiULN7Eqg8","true",,,,,"2204616"
"1712824518555607328","2023-10-13T13:36:02.000Z","8705","Smart people adapt, but wise people evolve.","1712824518555607328","false","false","false","false",,,"57","199",,"2135","https://twitter.com/thejustinwelsh/with_replies","https://twitter.com/thejustinwelsh/status/1712824518555607328","2009-01-29T03:47:15.000Z","false","The Diversified Solopreneur | Building my one-person business to $5M in annual profit and sharing everything I learn along the way at https://t.co/27OAdtwjh5","0","103133","456153","894","true","19694536","false","7411","Join 185K+ readers →","831","Justin Welsh","456153","false","https://pbs.twimg.com/profile_banners/19694536/1690717979","https://pbs.twimg.com/profile_images/1365425625616556045/NDhia9nF_normal.jpg","thejustinwelsh","26263","none","https://t.co/hiULN7Eqg8","true",,,,,"500110"
"1552291739012063232","2022-07-27T13:56:05.000Z","8287","Twitter hates LinkedIn.

But I'll do 130M+ impressions &amp; $1.4M on the platform in 2022. 

Here's how I use LinkedIn unlike anyone else:

🧵","1552291739012063232","false","false","false","false",,,"131","403",,"1440","https://twitter.com/thejustinwelsh/with_replies","https://twitter.com/thejustinwelsh/status/1552291739012063232","2009-01-29T03:47:15.000Z","false","The Diversified Solopreneur | Building my one-person business to $5M in annual profit and sharing everything I learn along the way at https://t.co/27OAdtwjh5","0","103133","456153","894","true","19694536","false","7411","Join 185K+ readers →","831","Justin Welsh","456153","false","https://pbs.twimg.com/profile_banners/19694536/1690717979","https://pbs.twimg.com/profile_images/1365425625616556045/NDhia9nF_normal.jpg","thejustinwelsh","26263","none","https://t.co/hiULN7Eqg8","true",,,,,
"1601929049298948098","2022-12-11T13:17:02.000Z","8119","Everyone should have a side project that earns $150+ per day.

Here are 4 simple examples that might help:","1601929049298948098","false","false","false","false",,,"55","208",,"1211","https://twitter.com/thejustinwelsh/with_replies","https://twitter.com/thejustinwelsh/status/1601929049298948098","2009-01-29T03:47:15.000Z","false","The Diversified Solopreneur | Building my one-person business to $5M in annual profit and sharing everything I learn along the way at https://t.co/27OAdtwjh5","0","103133","456153","894","true","19694536","false","7411","Join 185K+ readers →","831","Justin Welsh","456153","false","https://pbs.twimg.com/profile_banners/19694536/1690717979","https://pbs.twimg.com/profile_images/1365425625616556045/NDhia9nF_normal.jpg","thejustinwelsh","26263","none","https://t.co/hiULN7Eqg8","true",,,,,
"1712099738605019627","2023-10-11T13:36:01.000Z","8128","Lack of direction, not lack of time, is your true enemy.","1712099738605019627","false","false","false","false",,,"42","246",,"1656","https://twitter.com/thejustinwelsh/with_replies","https://twitter.com/thejustinwelsh/status/1712099738605019627","2009-01-29T03:47:15.000Z","false","The Diversified Solopreneur | Building my one-person business to $5M in annual profit and sharing everything I learn along the way at https://t.co/27OAdtwjh5","0","103133","456153","894","true","19694536","false","7411","Join 185K+ readers →","831","Justin Welsh","456153","false","https://pbs.twimg.com/profile_banners/19694536/1690717979","https://pbs.twimg.com/profile_images/1365425625616556045/NDhia9nF_normal.jpg","thejustinwelsh","26263","none","https://t.co/hiULN7Eqg8","true",,,,,"388882"
"1606640369772412928","2022-12-24T13:18:08.000Z","7875","My 7-figure, one-person business is run entirely on systems.

Here are the 6 most important ones I use:

(Feel free to steal, replicate, and use for your business.)","1606640369772412928","false","false","false","false",,,"60","304",,"1432","https://twitter.com/thejustinwelsh/with_replies","https://twitter.com/thejustinwelsh/status/1606640369772412928","2009-01-29T03:47:15.000Z","false","The Diversified Solopreneur | Building my one-person business to $5M in annual profit and sharing everything I learn along the way at https://t.co/27OAdtwjh5","0","103133","456153","894","true","19694536","false","7411","Join 185K+ readers →","831","Justin Welsh","456153","false","https://pbs.twimg.com/profile_banners/19694536/1690717979","https://pbs.twimg.com/profile_images/1365425625616556045/NDhia9nF_normal.jpg","thejustinwelsh","26263","none","https://t.co/hiULN7Eqg8","true",,,,,"2557718"
"1546467879415156736","2022-07-11T12:14:10.000Z","7323","The biggest difference between success &amp; failure is getting started:

The majority of people I know fantasize about things that actually can be accomplished.

They just never get started.

If you get started and play the long game, you have a great chance of winning.","1546467883370401792","false","false","false","false",,,"27","31","https://twitter.com/thejustinwelsh/status/1546467879415156736","817","https://twitter.com/thejustinwelsh/with_replies","https://twitter.com/thejustinwelsh/status/1546467883370401792","2009-01-29T03:47:15.000Z","false","The Diversified Solopreneur | Building my one-person business to $5M in annual profit and sharing everything I learn along the way at https://t.co/27OAdtwjh5","0","103133","456153","894","true","19694536","false","7411","Join 185K+ readers →","831","Justin Welsh","456153","false","https://pbs.twimg.com/profile_banners/19694536/1690717979","https://pbs.twimg.com/profile_images/1365425625616556045/NDhia9nF_normal.jpg","thejustinwelsh","26263","none","https://t.co/hiULN7Eqg8","true",,,,,
"1567196732173213701","2022-09-06T17:03:12.000Z","7328","How to build a $1,300/month side business for $19.

Here's the entire 17-step business plan for you:

1. Clean up your Twitter profile to reflect what you do for people.","1567196732173213701","false","false","false","false",,,"101","347",,"1093","https://twitter.com/thejustinwelsh/with_replies","https://twitter.com/thejustinwelsh/status/1567196732173213701","2009-01-29T03:47:15.000Z","false","The Diversified Solopreneur | Building my one-person business to $5M in annual profit and sharing everything I learn along the way at https://t.co/27OAdtwjh5","0","103133","456153","894","true","19694536","false","7411","Join 185K+ readers →","831","Justin Welsh","456153","false","https://pbs.twimg.com/profile_banners/19694536/1690717979","https://pbs.twimg.com/profile_images/1365425625616556045/NDhia9nF_normal.jpg","thejustinwelsh","26263","none","https://t.co/hiULN7Eqg8","true",,,,,
"1562778102312636422","2022-08-25T12:25:09.000Z","6986","How I redesigned my life with 100% intention at age 41:

🧵","1562778102312636422","false","false","false","false",,,"120","326",,"1289","https://twitter.com/thejustinwelsh/with_replies","https://twitter.com/thejustinwelsh/status/1562778102312636422","2009-01-29T03:47:15.000Z","false","The Diversified Solopreneur | Building my one-person business to $5M in annual profit and sharing everything I learn along the way at https://t.co/27OAdtwjh5","0","103133","456153","894","true","19694536","false","7411","Join 185K+ readers →","831","Justin Welsh","456153","false","https://pbs.twimg.com/profile_banners/19694536/1690717979","https://pbs.twimg.com/profile_images/1365425625616556045/NDhia9nF_normal.jpg","thejustinwelsh","26263","none","https://t.co/hiULN7Eqg8","true",,,,,
"1545751937785757698","2022-07-09T12:49:15.000Z","6792","Marketing yourself is a superpower.

Learn it and you're an unstoppable force.

Use these 9 powerful threads to master marketing in 15 minutes.

🧵","1545751937785757698","false","false","false","false",,,"67","152",,"1368","https://twitter.com/thejustinwelsh/with_replies","https://twitter.com/thejustinwelsh/status/1545751937785757698","2009-01-29T03:47:15.000Z","false","The Diversified Solopreneur | Building my one-person business to $5M in annual profit and sharing everything I learn along the way at https://t.co/27OAdtwjh5","0","103133","456153","894","true","19694536","false","7411","Join 185K+ readers →","831","Justin Welsh","456153","false","https://pbs.twimg.com/profile_banners/19694536/1690717979","https://pbs.twimg.com/profile_images/1365425625616556045/NDhia9nF_normal.jpg","thejustinwelsh","26263","none","https://t.co/hiULN7Eqg8","true",,,,,
"1707731208744882518","2023-09-29T12:17:02.000Z","6329","Make money, stay healthy, help people, love your family, and travel the world.

Everything else is just a dog and pony show.","1707731208744882518","false","false","false","false",,,"82","227",,"1330","https://twitter.com/thejustinwelsh/with_replies","https://twitter.com/thejustinwelsh/status/1707731208744882518","2009-01-29T03:47:15.000Z","false","The Diversified Solopreneur | Building my one-person business to $5M in annual profit and sharing everything I learn along the way at https://t.co/27OAdtwjh5","0","103133","456153","894","true","19694536","false","7411","Join 185K+ readers →","831","Justin Welsh","456153","false","https://pbs.twimg.com/profile_banners/19694536/1690717979","https://pbs.twimg.com/profile_images/1365425625616556045/NDhia9nF_normal.jpg","thejustinwelsh","26263","none","https://t.co/hiULN7Eqg8","true",,,,,"452409"
"1724146371416949131","2023-11-13T19:25:02.000Z","6234","Make a habit of reaching out to people when you don't need something.","1724146371416949131","false","false","false","false",,,"66","257",,"1073","https://twitter.com/thejustinwelsh/with_replies","https://twitter.com/thejustinwelsh/status/1724146371416949131","2009-01-29T03:47:15.000Z","false","The Diversified Solopreneur | Building my one-person business to $5M in annual profit and sharing everything I learn along the way at https://t.co/27OAdtwjh5","0","103133","456153","894","true","19694536","false","7411","Join 185K+ readers →","831","Justin Welsh","456153","false","https://pbs.twimg.com/profile_banners/19694536/1690717979","https://pbs.twimg.com/profile_images/1365425625616556045/NDhia9nF_normal.jpg","thejustinwelsh","26263","none","https://t.co/hiULN7Eqg8","true",,,,,"295835"
"1563516507992178690","2022-08-27T13:19:18.000Z","5979","Copywriting is a superpower.

Learn it and you're a walking 6-figure business.

Use these 7 threads to improve your copywriting in ~30 minutes.

🧵","1563516507992178690","false","false","false","false",,,"50","187",,"1137","https://twitter.com/thejustinwelsh/with_replies","https://twitter.com/thejustinwelsh/status/1563516507992178690","2009-01-29T03:47:15.000Z","false","The Diversified Solopreneur | Building my one-person business to $5M in annual profit and sharing everything I learn along the way at https://t.co/27OAdtwjh5","0","103133","456153","894","true","19694536","false","7411","Join 185K+ readers →","831","Justin Welsh","456153","false","https://pbs.twimg.com/profile_banners/19694536/1690717979","https://pbs.twimg.com/profile_images/1365425625616556045/NDhia9nF_normal.jpg","thejustinwelsh","26263","none","https://t.co/hiULN7Eqg8","true",,,,,
"1696497253999890723","2023-08-29T12:17:19.000Z","6106","Never destroy your mental and physical health for a company that would terminate you instantly if it meant a few extra cents on their share price.","1696497253999890723","false","false","false","false",,,"47","213",,"975","https://twitter.com/thejustinwelsh/with_replies","https://twitter.com/thejustinwelsh/status/1696497253999890723","2009-01-29T03:47:15.000Z","false","The Diversified Solopreneur | Building my one-person business to $5M in annual profit and sharing everything I learn along the way at https://t.co/27OAdtwjh5","0","103133","456153","894","true","19694536","false","7411","Join 185K+ readers →","831","Justin Welsh","456153","false","https://pbs.twimg.com/profile_banners/19694536/1690717979","https://pbs.twimg.com/profile_images/1365425625616556045/NDhia9nF_normal.jpg","thejustinwelsh","26263","none","https://t.co/hiULN7Eqg8","true",,,,,"492762"
"1701663222959382808","2023-09-12T18:25:02.000Z","6111","The older I get, the more I realize self-confidence makes all the difference.","1701663222959382808","false","false","false","false",,,"26","226",,"1077","https://twitter.com/thejustinwelsh/with_replies","https://twitter.com/thejustinwelsh/status/1701663222959382808","2009-01-29T03:47:15.000Z","false","The Diversified Solopreneur | Building my one-person business to $5M in annual profit and sharing everything I learn along the way at https://t.co/27OAdtwjh5","0","103133","456153","894","true","19694536","false","7411","Join 185K+ readers →","831","Justin Welsh","456153","false","https://pbs.twimg.com/profile_banners/19694536/1690717979","https://pbs.twimg.com/profile_images/1365425625616556045/NDhia9nF_normal.jpg","thejustinwelsh","26263","none","https://t.co/hiULN7Eqg8","true",,,,,"294901"
"1637883006911238145","2023-03-20T18:25:13.000Z","5942","Tom from MySpace sold it for $580M and then retired in his 30s to take up photography.

That's the energy I'm after.","1637883006911238145","false","false","false","false",,,"35","162",,"377","https://twitter.com/thejustinwelsh/with_replies","https://twitter.com/thejustinwelsh/status/1637883006911238145","2009-01-29T03:47:15.000Z","false","The Diversified Solopreneur | Building my one-person business to $5M in annual profit and sharing everything I learn along the way at https://t.co/27OAdtwjh5","0","103133","456153","894","true","19694536","false","7411","Join 185K+ readers →","831","Justin Welsh","456153","false","https://pbs.twimg.com/profile_banners/19694536/1690717979","https://pbs.twimg.com/profile_images/1365425625616556045/NDhia9nF_normal.jpg","thejustinwelsh","26263","none","https://t.co/hiULN7Eqg8","true",,,,,"849561"
"1605915356316536832","2022-12-22T13:17:12.000Z","5765","Why you should consider quitting your job in 2023:","1605915356316536832","false","false","false","false",,,"140","264",,"1065","https://twitter.com/thejustinwelsh/with_replies","https://twitter.com/thejustinwelsh/status/1605915356316536832","2009-01-29T03:47:15.000Z","false","The Diversified Solopreneur | Building my one-person business to $5M in annual profit and sharing everything I learn along the way at https://t.co/27OAdtwjh5","0","103133","456153","894","true","19694536","false","7411","Join 185K+ readers →","831","Justin Welsh","456153","false","https://pbs.twimg.com/profile_banners/19694536/1690717979","https://pbs.twimg.com/profile_images/1365425625616556045/NDhia9nF_normal.jpg","thejustinwelsh","26263","none","https://t.co/hiULN7Eqg8","true",,,,,"2423451"
"1638153338125516800","2023-03-21T12:19:25.000Z","5804","At your job, you might get a 5% pay bump each year.

$40k salary this year. $42k next year.

That's a 96 cents an hour raise.

Here's another option:","1638153338125516800","false","false","false","false",,,"35","171",,"670","https://twitter.com/thejustinwelsh/with_replies","https://twitter.com/thejustinwelsh/status/1638153338125516800","2009-01-29T03:47:15.000Z","false","The Diversified Solopreneur | Building my one-person business to $5M in annual profit and sharing everything I learn along the way at https://t.co/27OAdtwjh5","0","103133","456153","894","true","19694536","false","7411","Join 185K+ readers →","831","Justin Welsh","456153","false","https://pbs.twimg.com/profile_banners/19694536/1690717979","https://pbs.twimg.com/profile_images/1365425625616556045/NDhia9nF_normal.jpg","thejustinwelsh","26263","none","https://t.co/hiULN7Eqg8","true",,,,,"2422008"
"1537409684931547136","2022-06-16T12:20:07.000Z","5438","Back in 2019 I made $0 online.

3 years later:

- 175M+ impressions
- $2.4M in online income
- 5 successful revenue streams

Here are my 15 dead-simple principles for building online:","1537409684931547136","false","false","false","false",,,"73","184",,"984","https://twitter.com/thejustinwelsh/with_replies","https://twitter.com/thejustinwelsh/status/1537409684931547136","2009-01-29T03:47:15.000Z","false","The Diversified Solopreneur | Building my one-person business to $5M in annual profit and sharing everything I learn along the way at https://t.co/27OAdtwjh5","0","103133","456153","894","true","19694536","false","7411","Join 185K+ readers →","831","Justin Welsh","456153","false","https://pbs.twimg.com/profile_banners/19694536/1690717979","https://pbs.twimg.com/profile_images/1365425625616556045/NDhia9nF_normal.jpg","thejustinwelsh","26263","none","https://t.co/hiULN7Eqg8","true",,,,,
"1660619395532505094","2023-05-22T12:11:31.000Z","5546","Yesterday, my little one-person business crossed $4M in revenue.

It took 1,352 days, I ran zero ads &amp; operate at a 94% margin.

Here are the 20 steps of my wild &amp; strange journey:

Hope it's helpful to someone.

[🧵 thread]","1660619395532505094","false","false","false","false",,,"79","384",,"568","https://twitter.com/thejustinwelsh/with_replies","https://twitter.com/thejustinwelsh/status/1660619395532505094","2009-01-29T03:47:15.000Z","false","The Diversified Solopreneur | Building my one-person business to $5M in annual profit and sharing everything I learn along the way at https://t.co/27OAdtwjh5","0","103133","456153","894","true","19694536","false","7411","Join 185K+ readers →","831","Justin Welsh","456153","false","https://pbs.twimg.com/profile_banners/19694536/1690717979","https://pbs.twimg.com/profile_images/1365425625616556045/NDhia9nF_normal.jpg","thejustinwelsh","26263","none","https://t.co/hiULN7Eqg8","true",,,,,"2426337"
"1713167022392000615","2023-10-14T12:17:01.000Z","5325","Perfectionism is often an elaborate form of procrastination.","1713167022392000615","false","false","false","false",,,"75","279",,"851","https://twitter.com/thejustinwelsh/with_replies","https://twitter.com/thejustinwelsh/status/1713167022392000615","2009-01-29T03:47:15.000Z","false","The Diversified Solopreneur | Building my one-person business to $5M in annual profit and sharing everything I learn along the way at https://t.co/27OAdtwjh5","0","103133","456153","894","true","19694536","false","7411","Join 185K+ readers →","831","Justin Welsh","456153","false","https://pbs.twimg.com/profile_banners/19694536/1690717979","https://pbs.twimg.com/profile_images/1365425625616556045/NDhia9nF_normal.jpg","thejustinwelsh","26263","none","https://t.co/hiULN7Eqg8","true",,,,,"414455"
"1548293730829930496","2022-07-16T13:09:25.000Z","5036","10 books that helped me build my 7-figure, one-person business:

🧵","1548293730829930496","false","false","false","false",,,"57","182",,"1287","https://twitter.com/thejustinwelsh/with_replies","https://twitter.com/thejustinwelsh/status/1548293730829930496","2009-01-29T03:47:15.000Z","false","The Diversified Solopreneur | Building my one-person business to $5M in annual profit and sharing everything I learn along the way at https://t.co/27OAdtwjh5","0","103133","456153","894","true","19694536","false","7411","Join 185K+ readers →","831","Justin Welsh","456153","false","https://pbs.twimg.com/profile_banners/19694536/1690717979","https://pbs.twimg.com/profile_images/1365425625616556045/NDhia9nF_normal.jpg","thejustinwelsh","26263","none","https://t.co/hiULN7Eqg8","true",,,,,
"1531613739560075264","2022-05-31T12:29:06.000Z","5008","10 powerful Twitter hacks every user should know:","1531613739560075264","false","false","false","false",,,"76","194",,"1014","https://twitter.com/thejustinwelsh/with_replies","https://twitter.com/thejustinwelsh/status/1531613739560075264","2009-01-29T03:47:15.000Z","false","The Diversified Solopreneur | Building my one-person business to $5M in annual profit and sharing everything I learn along the way at https://t.co/27OAdtwjh5","0","103133","456153","894","true","19694536","false","7411","Join 185K+ readers →","831","Justin Welsh","456153","false","https://pbs.twimg.com/profile_banners/19694536/1690717979","https://pbs.twimg.com/profile_images/1365425625616556045/NDhia9nF_normal.jpg","thejustinwelsh","26263","none","https://t.co/hiULN7Eqg8","true",,,,,
"1632369194372149248","2023-03-05T13:16:19.000Z","5120","Here's what I want: 

- I want to spend my time with my wife.
- I want to work on interesting projects.
- I want to travel whenever I want to.
- I want to see my friends frequently.
- I want to stop doing things I hate.","1632369449771716608","false","false","false","false",,,"42","41","https://twitter.com/thejustinwelsh/status/1632369194372149248","338","https://twitter.com/thejustinwelsh/with_replies","https://twitter.com/thejustinwelsh/status/1632369449771716608","2009-01-29T03:47:15.000Z","false","The Diversified Solopreneur | Building my one-person business to $5M in annual profit and sharing everything I learn along the way at https://t.co/27OAdtwjh5","0","103133","456153","894","true","19694536","false","7411","Join 185K+ readers →","831","Justin Welsh","456153","false","https://pbs.twimg.com/profile_banners/19694536/1690717979","https://pbs.twimg.com/profile_images/1365425625616556045/NDhia9nF_normal.jpg","thejustinwelsh","26263","none","https://t.co/hiULN7Eqg8","true",,,,,"224609"
"1617513810838933510","2023-01-23T13:25:19.000Z","4936","Every piece of advice I could think of after 4 years as a Solopreneur.

1. Pessimists are often right, and optimists are often wealthy.","1617513810838933510","false","false","false","false",,,"99","273",,"753","https://twitter.com/thejustinwelsh/with_replies","https://twitter.com/thejustinwelsh/status/1617513810838933510","2009-01-29T03:47:15.000Z","false","The Diversified Solopreneur | Building my one-person business to $5M in annual profit and sharing everything I learn along the way at https://t.co/27OAdtwjh5","0","103133","456153","894","true","19694536","false","7411","Join 185K+ readers →","831","Justin Welsh","456153","false","https://pbs.twimg.com/profile_banners/19694536/1690717979","https://pbs.twimg.com/profile_images/1365425625616556045/NDhia9nF_normal.jpg","thejustinwelsh","26263","none","https://t.co/hiULN7Eqg8","true",,,,,"1708226"
"1711374964421525902","2023-10-09T13:36:01.000Z","4920","Don't chase money. Chase problems. 

Solve them and the money will likely appear.","1711374964421525902","false","false","false","false",,,"42","224",,"766","https://twitter.com/thejustinwelsh/with_replies","https://twitter.com/thejustinwelsh/status/1711374964421525902","2009-01-29T03:47:15.000Z","false","The Diversified Solopreneur | Building my one-person business to $5M in annual profit and sharing everything I learn along the way at https://t.co/27OAdtwjh5","0","103133","456153","894","true","19694536","false","7411","Join 185K+ readers →","831","Justin Welsh","456153","false","https://pbs.twimg.com/profile_banners/19694536/1690717979","https://pbs.twimg.com/profile_images/1365425625616556045/NDhia9nF_normal.jpg","thejustinwelsh","26263","none","https://t.co/hiULN7Eqg8","true",,,,,"268634"
"1546467879415156736","2022-07-11T12:14:12.000Z","4663","Comparing yourself to others is the easiest way to get distracted:

You can only control how successful you are, not how successful someone else is.

Be the best version of yourself, not a better version of someone else.","1546467895554834433","false","false","false","false",,,"30","18","https://twitter.com/thejustinwelsh/status/1546467893260558337","652","https://twitter.com/thejustinwelsh/with_replies","https://twitter.com/thejustinwelsh/status/1546467895554834433","2009-01-29T03:47:15.000Z","false","The Diversified Solopreneur | Building my one-person business to $5M in annual profit and sharing everything I learn along the way at https://t.co/27OAdtwjh5","0","103133","456153","894","true","19694536","false","7411","Join 185K+ readers →","831","Justin Welsh","456153","false","https://pbs.twimg.com/profile_banners/19694536/1690717979","https://pbs.twimg.com/profile_images/1365425625616556045/NDhia9nF_normal.jpg","thejustinwelsh","26263","none","https://t.co/hiULN7Eqg8","true",,,,,
"1700845834613477654","2023-09-10T12:17:01.000Z","4849","Tom from MySpace sold it for $580M and then retired in his 30s to take up photography.

That's the energy I'm after.","1700845834613477654","false","false","false","false",,,"33","175",,"432","https://twitter.com/thejustinwelsh/with_replies","https://twitter.com/thejustinwelsh/status/1700845834613477654","2009-01-29T03:47:15.000Z","false","The Diversified Solopreneur | Building my one-person business to $5M in annual profit and sharing everything I learn along the way at https://t.co/27OAdtwjh5","0","103133","456153","894","true","19694536","false","7411","Join 185K+ readers →","831","Justin Welsh","456153","false","https://pbs.twimg.com/profile_banners/19694536/1690717979","https://pbs.twimg.com/profile_images/1365425625616556045/NDhia9nF_normal.jpg","thejustinwelsh","26263","none","https://t.co/hiULN7Eqg8","true",,,,,"540966"
"1717535555448164538","2023-10-26T13:36:01.000Z","4832","I'm not afraid of failure, I'm afraid of being in the exact same place next year.","1717535555448164538","false","false","false","false",,,"60","269",,"1014","https://twitter.com/thejustinwelsh/with_replies","https://twitter.com/thejustinwelsh/status/1717535555448164538","2009-01-29T03:47:15.000Z","false","The Diversified Solopreneur | Building my one-person business to $5M in annual profit and sharing everything I learn along the way at https://t.co/27OAdtwjh5","0","103133","456153","894","true","19694536","false","7411","Join 185K+ readers →","831","Justin Welsh","456153","false","https://pbs.twimg.com/profile_banners/19694536/1690717979","https://pbs.twimg.com/profile_images/1365425625616556045/NDhia9nF_normal.jpg","thejustinwelsh","26263","none","https://t.co/hiULN7Eqg8","true",,,,,"228184"
"1607777125297266696","2022-12-27T16:35:12.000Z","4688","Who has the sleekest, cleanest personal website you've seen?","1607777125297266696","false","false","false","false",,,"34","602",,"456","https://twitter.com/thejustinwelsh/with_replies","https://twitter.com/thejustinwelsh/status/1607777125297266696","2009-01-29T03:47:15.000Z","false","The Diversified Solopreneur | Building my one-person business to $5M in annual profit and sharing everything I learn along the way at https://t.co/27OAdtwjh5","0","103133","456153","894","true","19694536","false","7411","Join 185K+ readers →","831","Justin Welsh","456153","false","https://pbs.twimg.com/profile_banners/19694536/1690717979","https://pbs.twimg.com/profile_images/1365425625616556045/NDhia9nF_normal.jpg","thejustinwelsh","26263","none","https://t.co/hiULN7Eqg8","true",,,,,"1665890"
"1711447699218726970","2023-10-09T18:25:03.000Z","4743","The bigger the problem you solve, the bigger the paycheck you earn.","1711447699218726970","false","false","false","false",,,"38","216",,"646","https://twitter.com/thejustinwelsh/with_replies","https://twitter.com/thejustinwelsh/status/1711447699218726970","2009-01-29T03:47:15.000Z","false","The Diversified Solopreneur | Building my one-person business to $5M in annual profit and sharing everything I learn along the way at https://t.co/27OAdtwjh5","0","103133","456153","894","true","19694536","false","7411","Join 185K+ readers →","831","Justin Welsh","456153","false","https://pbs.twimg.com/profile_banners/19694536/1690717979","https://pbs.twimg.com/profile_images/1365425625616556045/NDhia9nF_normal.jpg","thejustinwelsh","26263","none","https://t.co/hiULN7Eqg8","true",,,,,"260273"
"1506244066882768900","2022-03-22T12:19:04.000Z","4557","Today, I'll cross $2M in income in 2.5 years as a creator.

All 6 revenue streams are managed using systems.

Here are my 9 ""must-have"" systems for creators.

[🧵 thread}","1506244066882768900","false","false","false","false",,,"58","163",,"659","https://twitter.com/thejustinwelsh/with_replies","https://twitter.com/thejustinwelsh/status/1506244066882768900","2009-01-29T03:47:15.000Z","false","The Diversified Solopreneur | Building my one-person business to $5M in annual profit and sharing everything I learn along the way at https://t.co/27OAdtwjh5","0","103133","456153","894","true","19694536","false","7411","Join 185K+ readers →","831","Justin Welsh","456153","false","https://pbs.twimg.com/profile_banners/19694536/1690717979","https://pbs.twimg.com/profile_images/1365425625616556045/NDhia9nF_normal.jpg","thejustinwelsh","26263","none","https://t.co/hiULN7Eqg8","true",,,,,
"1650473972612341767","2023-04-24T12:17:14.000Z","4630","Every piece of advice I could think of after 4 years as a Solopreneur.

1. Pessimists are often right, and optimists are often wealthy.","1650473972612341767","false","false","false","false",,,"83","183",,"604","https://twitter.com/thejustinwelsh/with_replies","https://twitter.com/thejustinwelsh/status/1650473972612341767","2009-01-29T03:47:15.000Z","false","The Diversified Solopreneur | Building my one-person business to $5M in annual profit and sharing everything I learn along the way at https://t.co/27OAdtwjh5","0","103133","456153","894","true","19694536","false","7411","Join 185K+ readers →","831","Justin Welsh","456153","false","https://pbs.twimg.com/profile_banners/19694536/1690717979","https://pbs.twimg.com/profile_images/1365425625616556045/NDhia9nF_normal.jpg","thejustinwelsh","26263","none","https://t.co/hiULN7Eqg8","true",,,,,"1606143"
"1710992699384360973","2023-10-08T12:17:02.000Z","4700","Here is how I think about my business:

- Goals: Decades
- Strategy: Yearly
- Tactics: Quarterly
- Effort: Daily

I simply plan on outlasting most people.","1710992699384360973","false","false","false","false",,,"24","151",,"738","https://twitter.com/thejustinwelsh/with_replies","https://twitter.com/thejustinwelsh/status/1710992699384360973","2009-01-29T03:47:15.000Z","false","The Diversified Solopreneur | Building my one-person business to $5M in annual profit and sharing everything I learn along the way at https://t.co/27OAdtwjh5","0","103133","456153","894","true","19694536","false","7411","Join 185K+ readers →","831","Justin Welsh","456153","false","https://pbs.twimg.com/profile_banners/19694536/1690717979","https://pbs.twimg.com/profile_images/1365425625616556045/NDhia9nF_normal.jpg","thejustinwelsh","26263","none","https://t.co/hiULN7Eqg8","true",,,,,"436318"
"1587852847756021760","2022-11-02T17:03:14.000Z","4546","Everyone should own an online course that earns $150+ per day.

The problem?

Most people don't know how to build one.

Here are 6 steps that might help you get started.

↓","1587852847756021760","false","false","false","false",,,"37","252",,"699","https://twitter.com/thejustinwelsh/with_replies","https://twitter.com/thejustinwelsh/status/1587852847756021760","2009-01-29T03:47:15.000Z","false","The Diversified Solopreneur | Building my one-person business to $5M in annual profit and sharing everything I learn along the way at https://t.co/27OAdtwjh5","0","103133","456153","894","true","19694536","false","7411","Join 185K+ readers →","831","Justin Welsh","456153","false","https://pbs.twimg.com/profile_banners/19694536/1690717979","https://pbs.twimg.com/profile_images/1365425625616556045/NDhia9nF_normal.jpg","thejustinwelsh","26263","none","https://t.co/hiULN7Eqg8","true",,,,,
"1650836362013155336","2023-04-25T12:17:14.000Z","4615","How to keep your business small (and win big).

The 2-Pizza Rule from Jeff Bezos: https://t.co/kPsu24KG7i","1650836362013155336","false","false","false","false","https://pbs.twimg.com/media/Fujy695XwAcBbip.jpg","photo","59","146",,"648","https://twitter.com/thejustinwelsh/with_replies","https://twitter.com/thejustinwelsh/status/1650836362013155336","2009-01-29T03:47:15.000Z","false","The Diversified Solopreneur | Building my one-person business to $5M in annual profit and sharing everything I learn along the way at https://t.co/27OAdtwjh5","0","103133","456153","894","true","19694536","false","7411","Join 185K+ readers →","831","Justin Welsh","456153","false","https://pbs.twimg.com/profile_banners/19694536/1690717979","https://pbs.twimg.com/profile_images/1365425625616556045/NDhia9nF_normal.jpg","thejustinwelsh","26263","none","https://t.co/hiULN7Eqg8","true",,,,,"2045982"
"1562470332531089410","2022-08-24T16:02:11.000Z","4221","Everyone should have a side hustle that earns $150+ per day.

The problem?

Most people don't know where to begin.

Here are 4 quick examples that might help:

↓","1562470332531089410","false","false","false","false",,,"52","156",,"608","https://twitter.com/thejustinwelsh/with_replies","https://twitter.com/thejustinwelsh/status/1562470332531089410","2009-01-29T03:47:15.000Z","false","The Diversified Solopreneur | Building my one-person business to $5M in annual profit and sharing everything I learn along the way at https://t.co/27OAdtwjh5","0","103133","456153","894","true","19694536","false","7411","Join 185K+ readers →","831","Justin Welsh","456153","false","https://pbs.twimg.com/profile_banners/19694536/1690717979","https://pbs.twimg.com/profile_images/1365425625616556045/NDhia9nF_normal.jpg","thejustinwelsh","26263","none","https://t.co/hiULN7Eqg8","true",,,,,
"1554080794678812672","2022-08-01T12:25:09.000Z","4229","On August 1st, 2019 I escaped the rat race.

3 years &amp; $2.5M+ in revenue later, here’s everything I've learned.

24 lessons on business and life:

🧵","1554080794678812672","false","false","false","false",,,"78","201",,"899","https://twitter.com/thejustinwelsh/with_replies","https://twitter.com/thejustinwelsh/status/1554080794678812672","2009-01-29T03:47:15.000Z","false","The Diversified Solopreneur | Building my one-person business to $5M in annual profit and sharing everything I learn along the way at https://t.co/27OAdtwjh5","0","103133","456153","894","true","19694536","false","7411","Join 185K+ readers →","831","Justin Welsh","456153","false","https://pbs.twimg.com/profile_banners/19694536/1690717979","https://pbs.twimg.com/profile_images/1365425625616556045/NDhia9nF_normal.jpg","thejustinwelsh","26263","none","https://t.co/hiULN7Eqg8","true",,,,,
"1657721221696434180","2023-05-14T12:15:12.000Z","4290","My little one-person business does ~$189k/mo in revenue.

It costs me $1,446/mo + 2.9% to run it.

Here are the 12 no-code tools that run my business:

↓","1657721221696434180","false","false","false","false",,,"21","196",,"458","https://twitter.com/thejustinwelsh/with_replies","https://twitter.com/thejustinwelsh/status/1657721221696434180","2009-01-29T03:47:15.000Z","false","The Diversified Solopreneur | Building my one-person business to $5M in annual profit and sharing everything I learn along the way at https://t.co/27OAdtwjh5","0","103133","456153","894","true","19694536","false","7411","Join 185K+ readers →","831","Justin Welsh","456153","false","https://pbs.twimg.com/profile_banners/19694536/1690717979","https://pbs.twimg.com/profile_images/1365425625616556045/NDhia9nF_normal.jpg","thejustinwelsh","26263","none","https://t.co/hiULN7Eqg8","true",,,,,"1963988"
"1709961154175402274","2023-10-05T15:58:03.000Z","4291","Working hard is important, but without direction, it's sort of meaningless.","1709961154175402274","false","false","false","false",,,"30","273",,"821","https://twitter.com/thejustinwelsh/with_replies","https://twitter.com/thejustinwelsh/status/1709961154175402274","2009-01-29T03:47:15.000Z","false","The Diversified Solopreneur | Building my one-person business to $5M in annual profit and sharing everything I learn along the way at https://t.co/27OAdtwjh5","0","103133","456153","894","true","19694536","false","7411","Join 185K+ readers →","831","Justin Welsh","456153","false","https://pbs.twimg.com/profile_banners/19694536/1690717979","https://pbs.twimg.com/profile_images/1365425625616556045/NDhia9nF_normal.jpg","thejustinwelsh","26263","none","https://t.co/hiULN7Eqg8","true",,,,,"210772"
"1725558944116961330","2023-11-17T16:58:06.000Z","4339","The average person could replace their salary by talking about one thing they do exceptionally well on the internet every day for 18 months.","1725558944116961330","false","false","false","false",,,"48","248",,"491","https://twitter.com/thejustinwelsh/with_replies","https://twitter.com/thejustinwelsh/status/1725558944116961330","2009-01-29T03:47:15.000Z","false","The Diversified Solopreneur | Building my one-person business to $5M in annual profit and sharing everything I learn along the way at https://t.co/27OAdtwjh5","0","103133","456153","894","true","19694536","false","7411","Join 185K+ readers →","831","Justin Welsh","456153","false","https://pbs.twimg.com/profile_banners/19694536/1690717979","https://pbs.twimg.com/profile_images/1365425625616556045/NDhia9nF_normal.jpg","thejustinwelsh","26263","none","https://t.co/hiULN7Eqg8","true",,,,,"676049"
"1702315276040044895","2023-09-14T13:36:03.000Z","4272","When you're dead and gone, only your spouse and kids will remember the nights you ignored them in favor of more work.","1702315276040044895","false","false","false","false",,,"77","291",,"658","https://twitter.com/thejustinwelsh/with_replies","https://twitter.com/thejustinwelsh/status/1702315276040044895","2009-01-29T03:47:15.000Z","false","The Diversified Solopreneur | Building my one-person business to $5M in annual profit and sharing everything I learn along the way at https://t.co/27OAdtwjh5","0","103133","456153","894","true","19694536","false","7411","Join 185K+ readers →","831","Justin Welsh","456153","false","https://pbs.twimg.com/profile_banners/19694536/1690717979","https://pbs.twimg.com/profile_images/1365425625616556045/NDhia9nF_normal.jpg","thejustinwelsh","26263","none","https://t.co/hiULN7Eqg8","true",,,,,"1305462"
"1712462134817513804","2023-10-12T13:36:03.000Z","4135","The danger of inaction outweighs the risk of error.","1712462134817513804","false","false","false","false",,,"33","181",,"919","https://twitter.com/thejustinwelsh/with_replies","https://twitter.com/thejustinwelsh/status/1712462134817513804","2009-01-29T03:47:15.000Z","false","The Diversified Solopreneur | Building my one-person business to $5M in annual profit and sharing everything I learn along the way at https://t.co/27OAdtwjh5","0","103133","456153","894","true","19694536","false","7411","Join 185K+ readers →","831","Justin Welsh","456153","false","https://pbs.twimg.com/profile_banners/19694536/1690717979","https://pbs.twimg.com/profile_images/1365425625616556045/NDhia9nF_normal.jpg","thejustinwelsh","26263","none","https://t.co/hiULN7Eqg8","true",,,,,"285316"
"1635978477395402752","2023-03-15T12:17:18.000Z","4050","Everyone should have a side project that earns $150+ per day.

Here are 4 simple examples that might help:","1635978477395402752","false","false","false","false",,,"59","169",,"424","https://twitter.com/thejustinwelsh/with_replies","https://twitter.com/thejustinwelsh/status/1635978477395402752","2009-01-29T03:47:15.000Z","false","The Diversified Solopreneur | Building my one-person business to $5M in annual profit and sharing everything I learn along the way at https://t.co/27OAdtwjh5","0","103133","456153","894","true","19694536","false","7411","Join 185K+ readers →","831","Justin Welsh","456153","false","https://pbs.twimg.com/profile_banners/19694536/1690717979","https://pbs.twimg.com/profile_images/1365425625616556045/NDhia9nF_normal.jpg","thejustinwelsh","26263","none","https://t.co/hiULN7Eqg8","true",,,,,"1907261"
"1696190479245746202","2023-08-28T15:58:18.000Z","4092","Stop telling people about your big ideas.

Go execute &amp; tell us about what happened.","1696190479245746202","false","false","false","false",,,"33","208",,"603","https://twitter.com/thejustinwelsh/with_replies","https://twitter.com/thejustinwelsh/status/1696190479245746202","2009-01-29T03:47:15.000Z","false","The Diversified Solopreneur | Building my one-person business to $5M in annual profit and sharing everything I learn along the way at https://t.co/27OAdtwjh5","0","103133","456153","894","true","19694536","false","7411","Join 185K+ readers →","831","Justin Welsh","456153","false","https://pbs.twimg.com/profile_banners/19694536/1690717979","https://pbs.twimg.com/profile_images/1365425625616556045/NDhia9nF_normal.jpg","thejustinwelsh","26263","none","https://t.co/hiULN7Eqg8","true",,,,,"197236"
"1717897949538120010","2023-10-27T13:36:02.000Z","4098","Everyone should have a side project that earns $150+ per day.

Here are 4 simple examples that might help:","1717897949538120010","false","false","false","false",,,"25","117",,"368","https://twitter.com/thejustinwelsh/with_replies","https://twitter.com/thejustinwelsh/status/1717897949538120010","2009-01-29T03:47:15.000Z","false","The Diversified Solopreneur | Building my one-person business to $5M in annual profit and sharing everything I learn along the way at https://t.co/27OAdtwjh5","0","103133","456153","894","true","19694536","false","7411","Join 185K+ readers →","831","Justin Welsh","456153","false","https://pbs.twimg.com/profile_banners/19694536/1690717979","https://pbs.twimg.com/profile_images/1365425625616556045/NDhia9nF_normal.jpg","thejustinwelsh","26263","none","https://t.co/hiULN7Eqg8","true",,,,,"1454876"
"1632731597773455360","2023-03-06T13:15:22.000Z","4022","When I worked a 9 to 5, this was my schedule:

- Wake up at 5:30
- Get ready/drink coffee
- 1-hour commute at 7:30a
- In office from 8:30a to 5:00p
- Go to the gym from 5:00p to 6:00p
- 1-hour commute back home at 6:15p
- Dinner &amp; 2 hours of quality time w/ my wife

But now?","1632731597773455360","false","false","false","false",,,"31","168",,"228","https://twitter.com/thejustinwelsh/with_replies","https://twitter.com/thejustinwelsh/status/1632731597773455360","2009-01-29T03:47:15.000Z","false","The Diversified Solopreneur | Building my one-person business to $5M in annual profit and sharing everything I learn along the way at https://t.co/27OAdtwjh5","0","103133","456153","894","true","19694536","false","7411","Join 185K+ readers →","831","Justin Welsh","456153","false","https://pbs.twimg.com/profile_banners/19694536/1690717979","https://pbs.twimg.com/profile_images/1365425625616556045/NDhia9nF_normal.jpg","thejustinwelsh","26263","none","https://t.co/hiULN7Eqg8","true",,,,,"1795397"
"1521531116565450752","2022-05-03T16:44:21.000Z","3983","Hiring a virtual assistant is life-changing.

My VA saves me ~40 hours of time per month.

Here's exactly how we work together in 6 simple steps.

🧵","1521531116565450752","false","false","false","false",,,"46","185",,"494","https://twitter.com/thejustinwelsh/with_replies","https://twitter.com/thejustinwelsh/status/1521531116565450752","2009-01-29T03:47:15.000Z","false","The Diversified Solopreneur | Building my one-person business to $5M in annual profit and sharing everything I learn along the way at https://t.co/27OAdtwjh5","0","103133","456153","894","true","19694536","false","7411","Join 185K+ readers →","831","Justin Welsh","456153","false","https://pbs.twimg.com/profile_banners/19694536/1690717979","https://pbs.twimg.com/profile_images/1365425625616556045/NDhia9nF_normal.jpg","thejustinwelsh","26263","none","https://t.co/hiULN7Eqg8","true",,,,,
"1707026313037435391","2023-09-27T13:36:02.000Z","3994","Mediocre intelligence + curiosity + showing up every day will destroy most people who are 10x smarter than you.","1707026313037435391","false","false","false","false",,,"50","194",,"636","https://twitter.com/thejustinwelsh/with_replies","https://twitter.com/thejustinwelsh/status/1707026313037435391","2009-01-29T03:47:15.000Z","false","The Diversified Solopreneur | Building my one-person business to $5M in annual profit and sharing everything I learn along the way at https://t.co/27OAdtwjh5","0","103133","456153","894","true","19694536","false","7411","Join 185K+ readers →","831","Justin Welsh","456153","false","https://pbs.twimg.com/profile_banners/19694536/1690717979","https://pbs.twimg.com/profile_images/1365425625616556045/NDhia9nF_normal.jpg","thejustinwelsh","26263","none","https://t.co/hiULN7Eqg8","true",,,,,"276365"
"1699849191248269534","2023-09-07T18:16:43.000Z","3971","You aren't rewarded for hard work.

You're rewarded for creating something of value.

So don't work extra hard on something you're not sure anyone even wants.","1699849191248269534","false","false","false","false",,,"30","173",,"736","https://twitter.com/thejustinwelsh/with_replies","https://twitter.com/thejustinwelsh/status/1699849191248269534","2009-01-29T03:47:15.000Z","false","The Diversified Solopreneur | Building my one-person business to $5M in annual profit and sharing everything I learn along the way at https://t.co/27OAdtwjh5","0","103133","456153","894","true","19694536","false","7411","Join 185K+ readers →","831","Justin Welsh","456153","false","https://pbs.twimg.com/profile_banners/19694536/1690717979","https://pbs.twimg.com/profile_images/1365425625616556045/NDhia9nF_normal.jpg","thejustinwelsh","26263","none","https://t.co/hiULN7Eqg8","true",,,,,"230926"
"1706301532235251741","2023-09-25T13:36:01.000Z","3969","You can get a lot of free time back by simply not having an opinion on everything.","1706301532235251741","false","false","false","false",,,"53","273",,"745","https://twitter.com/thejustinwelsh/with_replies","https://twitter.com/thejustinwelsh/status/1706301532235251741","2009-01-29T03:47:15.000Z","false","The Diversified Solopreneur | Building my one-person business to $5M in annual profit and sharing everything I learn along the way at https://t.co/27OAdtwjh5","0","103133","456153","894","true","19694536","false","7411","Join 185K+ readers →","831","Justin Welsh","456153","false","https://pbs.twimg.com/profile_banners/19694536/1690717979","https://pbs.twimg.com/profile_images/1365425625616556045/NDhia9nF_normal.jpg","thejustinwelsh","26263","none","https://t.co/hiULN7Eqg8","true",,,,,"270739"
"1586338616288198658","2022-10-29T12:46:13.000Z","3910","Hiring a virtual assistant is life-changing.

My VA saves me ~40 hours of my time per month.

Here's exactly how we work together in 6 simple steps:","1586338616288198658","false","false","false","false",,,"48","206",,"455","https://twitter.com/thejustinwelsh/with_replies","https://twitter.com/thejustinwelsh/status/1586338616288198658","2009-01-29T03:47:15.000Z","false","The Diversified Solopreneur | Building my one-person business to $5M in annual profit and sharing everything I learn along the way at https://t.co/27OAdtwjh5","0","103133","456153","894","true","19694536","false","7411","Join 185K+ readers →","831","Justin Welsh","456153","false","https://pbs.twimg.com/profile_banners/19694536/1690717979","https://pbs.twimg.com/profile_images/1365425625616556045/NDhia9nF_normal.jpg","thejustinwelsh","26263","none","https://t.co/hiULN7Eqg8","true",,,,,
"1493639975254044674","2022-02-15T17:34:55.000Z","3780","How to build your first 2 income streams:

(without knowing how to code)

🧵","1493639975254044674","false","false","false","false",,,"47","84",,"612","https://twitter.com/thejustinwelsh/with_replies","https://twitter.com/thejustinwelsh/status/1493639975254044674","2009-01-29T03:47:15.000Z","false","The Diversified Solopreneur | Building my one-person business to $5M in annual profit and sharing everything I learn along the way at https://t.co/27OAdtwjh5","0","103133","456153","894","true","19694536","false","7411","Join 185K+ readers →","831","Justin Welsh","456153","false","https://pbs.twimg.com/profile_banners/19694536/1690717979","https://pbs.twimg.com/profile_images/1365425625616556045/NDhia9nF_normal.jpg","thejustinwelsh","26263","none","https://t.co/hiULN7Eqg8","true",,,,,
"1612849610258612225","2023-01-10T16:31:27.000Z","3606","Once you realize the whole world is run by shameless self-promoters you almost have no choice but to put yourself out there.","1612849610258612225","false","false","false","false",,,"64","341",,"498","https://twitter.com/thejustinwelsh/with_replies","https://twitter.com/thejustinwelsh/status/1612849610258612225","2009-01-29T03:47:15.000Z","false","The Diversified Solopreneur | Building my one-person business to $5M in annual profit and sharing everything I learn along the way at https://t.co/27OAdtwjh5","0","103133","456153","894","true","19694536","false","7411","Join 185K+ readers →","831","Justin Welsh","456153","false","https://pbs.twimg.com/profile_banners/19694536/1690717979","https://pbs.twimg.com/profile_images/1365425625616556045/NDhia9nF_normal.jpg","thejustinwelsh","26263","none","https://t.co/hiULN7Eqg8","true",,,,,"509957"
"1546467879415156736","2022-07-11T12:14:13.000Z","3578","The most important skill to learn is how to learn on your own:

Mentors are great, but they are overrated.

Mentors work well when you've reached a ceiling of teaching yourself everything you could possibly know about a subject.

Learn to learn and you're unstoppable.","1546467899770011648","false","false","false","false",,,"23","17","https://twitter.com/thejustinwelsh/status/1546467897647800320","382","https://twitter.com/thejustinwelsh/with_replies","https://twitter.com/thejustinwelsh/status/1546467899770011648","2009-01-29T03:47:15.000Z","false","The Diversified Solopreneur | Building my one-person business to $5M in annual profit and sharing everything I learn along the way at https://t.co/27OAdtwjh5","0","103133","456153","894","true","19694536","false","7411","Join 185K+ readers →","831","Justin Welsh","456153","false","https://pbs.twimg.com/profile_banners/19694536/1690717979","https://pbs.twimg.com/profile_images/1365425625616556045/NDhia9nF_normal.jpg","thejustinwelsh","26263","none","https://t.co/hiULN7Eqg8","true",,,,,
"1546467879415156736","2022-07-11T12:14:11.000Z","3567","The 2nd biggest difference between success &amp; failure is persistence:

Successful friends &amp; peers of mine have almost always been doing their ""thing"" for decades.

Not years.

Most people give up in the ""I suck at this"" phase without considering the journey from a 30k ft view.","1546467891062738946","false","false","false","false",,,"14","13","https://twitter.com/thejustinwelsh/status/1546467883370401792","242","https://twitter.com/thejustinwelsh/with_replies","https://twitter.com/thejustinwelsh/status/1546467891062738946","2009-01-29T03:47:15.000Z","false","The Diversified Solopreneur | Building my one-person business to $5M in annual profit and sharing everything I learn along the way at https://t.co/27OAdtwjh5","0","103133","456153","894","true","19694536","false","7411","Join 185K+ readers →","831","Justin Welsh","456153","false","https://pbs.twimg.com/profile_banners/19694536/1690717979","https://pbs.twimg.com/profile_images/1365425625616556045/NDhia9nF_normal.jpg","thejustinwelsh","26263","none","https://t.co/hiULN7Eqg8","true",,,,,
"1670404799605383169","2023-06-18T12:15:13.000Z","3651","I escaped the rat race 3.5 years ago.

My secret sauce is not playing status games.

I don't:

- want to change the world.
- want to build the next unicorn.
- want to be featured on any lists.
- want to get the highest valuation.","1670404799605383169","false","false","false","false",,,"31","102",,"353","https://twitter.com/thejustinwelsh/with_replies","https://twitter.com/thejustinwelsh/status/1670404799605383169","2009-01-29T03:47:15.000Z","false","The Diversified Solopreneur | Building my one-person business to $5M in annual profit and sharing everything I learn along the way at https://t.co/27OAdtwjh5","0","103133","456153","894","true","19694536","false","7411","Join 185K+ readers →","831","Justin Welsh","456153","false","https://pbs.twimg.com/profile_banners/19694536/1690717979","https://pbs.twimg.com/profile_images/1365425625616556045/NDhia9nF_normal.jpg","thejustinwelsh","26263","none","https://t.co/hiULN7Eqg8","true",,,,,"1121623"
"1526537833787314176","2022-05-17T12:19:15.000Z","3496","My social media strategy:
 
Tweets: 2x per day
Threads: 1x per week
LinkedIn posts: 2x per day
Weekly Newsletter: 1x per week

Then, each day I spend about 45 minutes interacting with my audience.

Do this for 6 months and watch what happens.","1526537833787314176","false","false","false","false",,,"32","149",,"416","https://twitter.com/thejustinwelsh/with_replies","https://twitter.com/thejustinwelsh/status/1526537833787314176","2009-01-29T03:47:15.000Z","false","The Diversified Solopreneur | Building my one-person business to $5M in annual profit and sharing everything I learn along the way at https://t.co/27OAdtwjh5","0","103133","456153","894","true","19694536","false","7411","Join 185K+ readers →","831","Justin Welsh","456153","false","https://pbs.twimg.com/profile_banners/19694536/1690717979","https://pbs.twimg.com/profile_images/1365425625616556045/NDhia9nF_normal.jpg","thejustinwelsh","26263","none","https://t.co/hiULN7Eqg8","true",,,,,
"1524781980935766017","2022-05-12T16:02:07.000Z","3531","Marketing yourself is a superpower.

Learn to and you're basically an unstoppable force.

Use my 8 favorite threads to master marketing in 15 minutes.

🧵","1524781980935766017","false","false","false","false",,,"31","100",,"645","https://twitter.com/thejustinwelsh/with_replies","https://twitter.com/thejustinwelsh/status/1524781980935766017","2009-01-29T03:47:15.000Z","false","The Diversified Solopreneur | Building my one-person business to $5M in annual profit and sharing everything I learn along the way at https://t.co/27OAdtwjh5","0","103133","456153","894","true","19694536","false","7411","Join 185K+ readers →","831","Justin Welsh","456153","false","https://pbs.twimg.com/profile_banners/19694536/1690717979","https://pbs.twimg.com/profile_images/1365425625616556045/NDhia9nF_normal.jpg","thejustinwelsh","26263","none","https://t.co/hiULN7Eqg8","true",,,,,
"1620440562120671238","2023-01-31T15:15:10.000Z","3496","Twitter feels really dead right now.

I'm being shown less of what I care about, and more of what I don't care about.

Creators I love following have disappeared from my timeline.

Trending is all about vaccines and politics.

Anyone else feeling this?","1620440562120671238","false","false","false","false",,,"68","740",,"152","https://twitter.com/thejustinwelsh/with_replies","https://twitter.com/thejustinwelsh/status/1620440562120671238","2009-01-29T03:47:15.000Z","false","The Diversified Solopreneur | Building my one-person business to $5M in annual profit and sharing everything I learn along the way at https://t.co/27OAdtwjh5","0","103133","456153","894","true","19694536","false","7411","Join 185K+ readers →","831","Justin Welsh","456153","false","https://pbs.twimg.com/profile_banners/19694536/1690717979","https://pbs.twimg.com/profile_images/1365425625616556045/NDhia9nF_normal.jpg","thejustinwelsh","26263","none","https://t.co/hiULN7Eqg8","true",,,,,"759307"
"1709236372081459212","2023-10-03T15:58:01.000Z","3599","If you are single and in your 20s, please start building something of your own online, and spend a lot of time traveling the world.

Your 30s and 40s will be epic from the lessons you learn.","1709236372081459212","false","false","false","false",,,"25","254",,"439","https://twitter.com/thejustinwelsh/with_replies","https://twitter.com/thejustinwelsh/status/1709236372081459212","2009-01-29T03:47:15.000Z","false","The Diversified Solopreneur | Building my one-person business to $5M in annual profit and sharing everything I learn along the way at https://t.co/27OAdtwjh5","0","103133","456153","894","true","19694536","false","7411","Join 185K+ readers →","831","Justin Welsh","456153","false","https://pbs.twimg.com/profile_banners/19694536/1690717979","https://pbs.twimg.com/profile_images/1365425625616556045/NDhia9nF_normal.jpg","thejustinwelsh","26263","none","https://t.co/hiULN7Eqg8","true",,,,,"360829"
"1546467879415156736","2022-07-11T12:14:18.000Z","3432","Don't spend time with people who don't reciprocate:

My therapist put it best when she told me this:

""Reciprocity is an indicator that someone is invested in the relationship.""

Thanks, Erin.","1546467919915270148","false","false","false","false",,,"32","19","https://twitter.com/thejustinwelsh/status/1546467917902086147","493","https://twitter.com/thejustinwelsh/with_replies","https://twitter.com/thejustinwelsh/status/1546467919915270148","2009-01-29T03:47:15.000Z","false","The Diversified Solopreneur | Building my one-person business to $5M in annual profit and sharing everything I learn along the way at https://t.co/27OAdtwjh5","0","103133","456153","894","true","19694536","false","7411","Join 185K+ readers →","831","Justin Welsh","456153","false","https://pbs.twimg.com/profile_banners/19694536/1690717979","https://pbs.twimg.com/profile_images/1365425625616556045/NDhia9nF_normal.jpg","thejustinwelsh","26263","none","https://t.co/hiULN7Eqg8","true",,,,,
"1604101845315616768","2022-12-17T13:10:57.000Z","3403","I wanted to work for a company that cared deeply about me, so I employed myself.","1604101845315616768","false","false","false","false",,,"43","197",,"446","https://twitter.com/thejustinwelsh/with_replies","https://twitter.com/thejustinwelsh/status/1604101845315616768","2009-01-29T03:47:15.000Z","false","The Diversified Solopreneur | Building my one-person business to $5M in annual profit and sharing everything I learn along the way at https://t.co/27OAdtwjh5","0","103133","456153","894","true","19694536","false","7411","Join 185K+ readers →","831","Justin Welsh","456153","false","https://pbs.twimg.com/profile_banners/19694536/1690717979","https://pbs.twimg.com/profile_images/1365425625616556045/NDhia9nF_normal.jpg","thejustinwelsh","26263","none","https://t.co/hiULN7Eqg8","true",,,,,"345233"
"1696516902787625022","2023-08-29T13:35:24.000Z","3499","It's amazing how much easier life gets when you stop competing and start collaborating.","1696516902787625022","false","false","false","false",,,"30","231",,"503","https://twitter.com/thejustinwelsh/with_replies","https://twitter.com/thejustinwelsh/status/1696516902787625022","2009-01-29T03:47:15.000Z","false","The Diversified Solopreneur | Building my one-person business to $5M in annual profit and sharing everything I learn along the way at https://t.co/27OAdtwjh5","0","103133","456153","894","true","19694536","false","7411","Join 185K+ readers →","831","Justin Welsh","456153","false","https://pbs.twimg.com/profile_banners/19694536/1690717979","https://pbs.twimg.com/profile_images/1365425625616556045/NDhia9nF_normal.jpg","thejustinwelsh","26263","none","https://t.co/hiULN7Eqg8","true",,,,,"222549"
"1594321209608372225","2022-11-20T13:26:12.000Z","3306","Every unsuccessful person I know believes the game is rigged.

Every successful person knows the game is rigged and learns how to play.

It's cliché as hell, but your mindset is everything.","1594321209608372225","false","false","false","false",,,"48","230",,"488","https://twitter.com/thejustinwelsh/with_replies","https://twitter.com/thejustinwelsh/status/1594321209608372225","2009-01-29T03:47:15.000Z","false","The Diversified Solopreneur | Building my one-person business to $5M in annual profit and sharing everything I learn along the way at https://t.co/27OAdtwjh5","0","103133","456153","894","true","19694536","false","7411","Join 185K+ readers →","831","Justin Welsh","456153","false","https://pbs.twimg.com/profile_banners/19694536/1690717979","https://pbs.twimg.com/profile_images/1365425625616556045/NDhia9nF_normal.jpg","thejustinwelsh","26263","none","https://t.co/hiULN7Eqg8","true",,,,,
"1602654726448943105","2022-12-13T13:20:37.000Z","3375","I've worked myself to the point of burnout twice.

But in 2020, I finally got it under control.

Here are my 8 anti-burnout tips for solopreneurs:","1602654726448943105","false","false","false","false",,,"52","154",,"502","https://twitter.com/thejustinwelsh/with_replies","https://twitter.com/thejustinwelsh/status/1602654726448943105","2009-01-29T03:47:15.000Z","false","The Diversified Solopreneur | Building my one-person business to $5M in annual profit and sharing everything I learn along the way at https://t.co/27OAdtwjh5","0","103133","456153","894","true","19694536","false","7411","Join 185K+ readers →","831","Justin Welsh","456153","false","https://pbs.twimg.com/profile_banners/19694536/1690717979","https://pbs.twimg.com/profile_images/1365425625616556045/NDhia9nF_normal.jpg","thejustinwelsh","26263","none","https://t.co/hiULN7Eqg8","true",,,,,
"1599826741916205056","2022-12-05T18:03:13.000Z","3333","My entire business plan is to do what I want, when I want, with whom I want and do very little of what I hate.","1599826741916205056","false","false","false","false",,,"83","229",,"472","https://twitter.com/thejustinwelsh/with_replies","https://twitter.com/thejustinwelsh/status/1599826741916205056","2009-01-29T03:47:15.000Z","false","The Diversified Solopreneur | Building my one-person business to $5M in annual profit and sharing everything I learn along the way at https://t.co/27OAdtwjh5","0","103133","456153","894","true","19694536","false","7411","Join 185K+ readers →","831","Justin Welsh","456153","false","https://pbs.twimg.com/profile_banners/19694536/1690717979","https://pbs.twimg.com/profile_images/1365425625616556045/NDhia9nF_normal.jpg","thejustinwelsh","26263","none","https://t.co/hiULN7Eqg8","true",,,,,
"1651561154672484353","2023-04-27T12:17:18.000Z","3401","James Clear said:

""You do not rise to the level of your goals, you fall to the level of your systems.""

But most people never build any.

My 6 critical solopreneur systems (and how I built them): https://t.co/VSIxngpf0O","1651561154672484353","false","false","false","false","https://pbs.twimg.com/media/FuuGHbUWIAYQCwR.jpg","photo","37","145",,"410","https://twitter.com/thejustinwelsh/with_replies","https://twitter.com/thejustinwelsh/status/1651561154672484353","2009-01-29T03:47:15.000Z","false","The Diversified Solopreneur | Building my one-person business to $5M in annual profit and sharing everything I learn along the way at https://t.co/27OAdtwjh5","0","103133","456153","894","true","19694536","false","7411","Join 185K+ readers →","831","Justin Welsh","456153","false","https://pbs.twimg.com/profile_banners/19694536/1690717979","https://pbs.twimg.com/profile_images/1365425625616556045/NDhia9nF_normal.jpg","thejustinwelsh","26263","none","https://t.co/hiULN7Eqg8","true",,,,,"1441205"
"1530160054019796992","2022-05-27T12:12:40.000Z","3265","Solopreneurship 101:

Don't quit your job and then start building your own business.

Find 60 minutes per day to work on your business and use your job as investment capital. 

Once your business is paying your salary, then consider going all in.

Almost always a better choice.","1530160054019796992","false","false","false","false",,,"58","159",,"577","https://twitter.com/thejustinwelsh/with_replies","https://twitter.com/thejustinwelsh/status/1530160054019796992","2009-01-29T03:47:15.000Z","false","The Diversified Solopreneur | Building my one-person business to $5M in annual profit and sharing everything I learn along the way at https://t.co/27OAdtwjh5","0","103133","456153","894","true","19694536","false","7411","Join 185K+ readers →","831","Justin Welsh","456153","false","https://pbs.twimg.com/profile_banners/19694536/1690717979","https://pbs.twimg.com/profile_images/1365425625616556045/NDhia9nF_normal.jpg","thejustinwelsh","26263","none","https://t.co/hiULN7Eqg8","true",,,,,
"1652285410607767552","2023-04-29T12:15:14.000Z","3378","How to decide to quit your job &amp; start your own thing.

The 6 Thinking Hats Model: https://t.co/pdDGSo9tjY","1652285410607767552","false","false","false","false","https://pbs.twimg.com/media/Fu4Y0w0XwAEemaW.png","photo","30","88",,"737","https://twitter.com/thejustinwelsh/with_replies","https://twitter.com/thejustinwelsh/status/1652285410607767552","2009-01-29T03:47:15.000Z","false","The Diversified Solopreneur | Building my one-person business to $5M in annual profit and sharing everything I learn along the way at https://t.co/27OAdtwjh5","0","103133","456153","894","true","19694536","false","7411","Join 185K+ readers →","831","Justin Welsh","456153","false","https://pbs.twimg.com/profile_banners/19694536/1690717979","https://pbs.twimg.com/profile_images/1365425625616556045/NDhia9nF_normal.jpg","thejustinwelsh","26263","none","https://t.co/hiULN7Eqg8","true",,,,,"634250"
"1711355090878054717","2023-10-09T12:17:03.000Z","3392","My entire $4.8M business plan:

(feel free to steal it) https://t.co/azEWmzk0IF","1711355090878054717","false","false","false","false","https://pbs.twimg.com/media/F7_0Yk4XkAA-EGX.jpg","photo","31","181",,"306","https://twitter.com/thejustinwelsh/with_replies","https://twitter.com/thejustinwelsh/status/1711355090878054717","2009-01-29T03:47:15.000Z","false","The Diversified Solopreneur | Building my one-person business to $5M in annual profit and sharing everything I learn along the way at https://t.co/27OAdtwjh5","0","103133","456153","894","true","19694536","false","7411","Join 185K+ readers →","831","Justin Welsh","456153","false","https://pbs.twimg.com/profile_banners/19694536/1690717979","https://pbs.twimg.com/profile_images/1365425625616556045/NDhia9nF_normal.jpg","thejustinwelsh","26263","none","https://t.co/hiULN7Eqg8","true",,,,,"565807"
"1605192042388357127","2022-12-20T13:23:00.000Z","3254","How to rewire your brain (to think like a champion):","1605192042388357127","false","false","false","false",,,"24","143",,"862","https://twitter.com/thejustinwelsh/with_replies","https://twitter.com/thejustinwelsh/status/1605192042388357127","2009-01-29T03:47:15.000Z","false","The Diversified Solopreneur | Building my one-person business to $5M in annual profit and sharing everything I learn along the way at https://t.co/27OAdtwjh5","0","103133","456153","894","true","19694536","false","7411","Join 185K+ readers →","831","Justin Welsh","456153","false","https://pbs.twimg.com/profile_banners/19694536/1690717979","https://pbs.twimg.com/profile_images/1365425625616556045/NDhia9nF_normal.jpg","thejustinwelsh","26263","none","https://t.co/hiULN7Eqg8","true",,,,,"1102383"
"1699778549756903777","2023-09-07T13:36:01.000Z","3309","Every question you Google is a chance to start a business.","1699778549756903777","false","false","false","false",,,"47","259",,"423","https://twitter.com/thejustinwelsh/with_replies","https://twitter.com/thejustinwelsh/status/1699778549756903777","2009-01-29T03:47:15.000Z","false","The Diversified Solopreneur | Building my one-person business to $5M in annual profit and sharing everything I learn along the way at https://t.co/27OAdtwjh5","0","103133","456153","894","true","19694536","false","7411","Join 185K+ readers →","831","Justin Welsh","456153","false","https://pbs.twimg.com/profile_banners/19694536/1690717979","https://pbs.twimg.com/profile_images/1365425625616556045/NDhia9nF_normal.jpg","thejustinwelsh","26263","none","https://t.co/hiULN7Eqg8","true",,,,,"307608"
"1600964264067584017","2022-12-08T21:23:19.000Z","3171","90% of new people I meet don't ask me a single question.

Are people becoming less curious or just more self-absorbed?","1600964264067584017","false","false","false","false",,,"78","717",,"196","https://twitter.com/thejustinwelsh/with_replies","https://twitter.com/thejustinwelsh/status/1600964264067584017","2009-01-29T03:47:15.000Z","false","The Diversified Solopreneur | Building my one-person business to $5M in annual profit and sharing everything I learn along the way at https://t.co/27OAdtwjh5","0","103133","456153","894","true","19694536","false","7411","Join 185K+ readers →","831","Justin Welsh","456153","false","https://pbs.twimg.com/profile_banners/19694536/1690717979","https://pbs.twimg.com/profile_images/1365425625616556045/NDhia9nF_normal.jpg","thejustinwelsh","26263","none","https://t.co/hiULN7Eqg8","true",,,,,
"1614285641176563718","2023-01-14T15:37:43.000Z","3143","You can get a lot of free time back by simply not having an opinion on everything.","1614285641176563718","false","false","false","false",,,"57","231",,"630","https://twitter.com/thejustinwelsh/with_replies","https://twitter.com/thejustinwelsh/status/1614285641176563718","2009-01-29T03:47:15.000Z","false","The Diversified Solopreneur | Building my one-person business to $5M in annual profit and sharing everything I learn along the way at https://t.co/27OAdtwjh5","0","103133","456153","894","true","19694536","false","7411","Join 185K+ readers →","831","Justin Welsh","456153","false","https://pbs.twimg.com/profile_banners/19694536/1690717979","https://pbs.twimg.com/profile_images/1365425625616556045/NDhia9nF_normal.jpg","thejustinwelsh","26263","none","https://t.co/hiULN7Eqg8","true",,,,,"374864"
"1600118362444632069","2022-12-06T13:22:01.000Z","3171","How to launch a minimum viable product (MVP).

10 incredibly clear steps anyone can follow:","1600118362444632069","false","false","false","false",,,"29","182",,"707","https://twitter.com/thejustinwelsh/with_replies","https://twitter.com/thejustinwelsh/status/1600118362444632069","2009-01-29T03:47:15.000Z","false","The Diversified Solopreneur | Building my one-person business to $5M in annual profit and sharing everything I learn along the way at https://t.co/27OAdtwjh5","0","103133","456153","894","true","19694536","false","7411","Join 185K+ readers →","831","Justin Welsh","456153","false","https://pbs.twimg.com/profile_banners/19694536/1690717979","https://pbs.twimg.com/profile_images/1365425625616556045/NDhia9nF_normal.jpg","thejustinwelsh","26263","none","https://t.co/hiULN7Eqg8","true",,,,,
"1644674041062608897","2023-04-08T12:10:22.000Z","3164","How to avoid burnout.

A simple 7-point game plan: https://t.co/9hQVwydLUl","1644674041062608897","false","false","false","false","https://pbs.twimg.com/media/FtMOUtgWwAE97Zv.jpg","photo","28","105",,"500","https://twitter.com/thejustinwelsh/with_replies","https://twitter.com/thejustinwelsh/status/1644674041062608897","2009-01-29T03:47:15.000Z","false","The Diversified Solopreneur | Building my one-person business to $5M in annual profit and sharing everything I learn along the way at https://t.co/27OAdtwjh5","0","103133","456153","894","true","19694536","false","7411","Join 185K+ readers →","831","Justin Welsh","456153","false","https://pbs.twimg.com/profile_banners/19694536/1690717979","https://pbs.twimg.com/profile_images/1365425625616556045/NDhia9nF_normal.jpg","thejustinwelsh","26263","none","https://t.co/hiULN7Eqg8","true",,,,,"1672170"
"1468266596896579587","2021-12-07T17:10:10.000Z","3056","18 brilliant business lessons from Twitter's brightest minds:

🧵","1468266596896579587","false","false","false","false",,,"38","57",,"763","https://twitter.com/thejustinwelsh/with_replies","https://twitter.com/thejustinwelsh/status/1468266596896579587","2009-01-29T03:47:15.000Z","false","The Diversified Solopreneur | Building my one-person business to $5M in annual profit and sharing everything I learn along the way at https://t.co/27OAdtwjh5","0","103133","456153","894","true","19694536","false","7411","Join 185K+ readers →","831","Justin Welsh","456153","false","https://pbs.twimg.com/profile_banners/19694536/1690717979","https://pbs.twimg.com/profile_images/1365425625616556045/NDhia9nF_normal.jpg","thejustinwelsh","26263","none","https://t.co/hiULN7Eqg8","true",,,,,
"1712134975330324961","2023-10-11T15:56:02.000Z","3218","Shout out to all the people who had enough courage to build their own business against the advice of their very worried parents.","1712134975330324961","false","false","false","false",,,"25","204",,"400","https://twitter.com/thejustinwelsh/with_replies","https://twitter.com/thejustinwelsh/status/1712134975330324961","2009-01-29T03:47:15.000Z","false","The Diversified Solopreneur | Building my one-person business to $5M in annual profit and sharing everything I learn along the way at https://t.co/27OAdtwjh5","0","103133","456153","894","true","19694536","false","7411","Join 185K+ readers →","831","Justin Welsh","456153","false","https://pbs.twimg.com/profile_banners/19694536/1690717979","https://pbs.twimg.com/profile_images/1365425625616556045/NDhia9nF_normal.jpg","thejustinwelsh","26263","none","https://t.co/hiULN7Eqg8","true",,,,,"181330"
"1696552873243357606","2023-08-29T15:58:20.000Z","3205","Please don't quit your job and go ""all in"".

Find an hour each day to grow a side project.

Replace 60% of your current income while trending in the right direction.

Then make your move. Almost always a better decision.","1696552873243357606","false","false","false","false",,,"24","205",,"398","https://twitter.com/thejustinwelsh/with_replies","https://twitter.com/thejustinwelsh/status/1696552873243357606","2009-01-29T03:47:15.000Z","false","The Diversified Solopreneur | Building my one-person business to $5M in annual profit and sharing everything I learn along the way at https://t.co/27OAdtwjh5","0","103133","456153","894","true","19694536","false","7411","Join 185K+ readers →","831","Justin Welsh","456153","false","https://pbs.twimg.com/profile_banners/19694536/1690717979","https://pbs.twimg.com/profile_images/1365425625616556045/NDhia9nF_normal.jpg","thejustinwelsh","26263","none","https://t.co/hiULN7Eqg8","true",,,,,"248546"
"1700140943167328563","2023-09-08T13:36:02.000Z","3144","Some opportunities are distractions in disguise.","1700140943167328563","false","false","false","false",,,"39","249",,"561","https://twitter.com/thejustinwelsh/with_replies","https://twitter.com/thejustinwelsh/status/1700140943167328563","2009-01-29T03:47:15.000Z","false","The Diversified Solopreneur | Building my one-person business to $5M in annual profit and sharing everything I learn along the way at https://t.co/27OAdtwjh5","0","103133","456153","894","true","19694536","false","7411","Join 185K+ readers →","831","Justin Welsh","456153","false","https://pbs.twimg.com/profile_banners/19694536/1690717979","https://pbs.twimg.com/profile_images/1365425625616556045/NDhia9nF_normal.jpg","thejustinwelsh","26263","none","https://t.co/hiULN7Eqg8","true",,,,,"191151"
"1641052413833388032","2023-03-29T12:19:19.000Z","3155","Hiring a virtual assistant is life-changing.

My VA saves me ~40 hours of my time per month.

Here's exactly how we work together in 6 simple steps:","1641052413833388032","false","false","false","false",,,"38","166",,"314","https://twitter.com/thejustinwelsh/with_replies","https://twitter.com/thejustinwelsh/status/1641052413833388032","2009-01-29T03:47:15.000Z","false","The Diversified Solopreneur | Building my one-person business to $5M in annual profit and sharing everything I learn along the way at https://t.co/27OAdtwjh5","0","103133","456153","894","true","19694536","false","7411","Join 185K+ readers →","831","Justin Welsh","456153","false","https://pbs.twimg.com/profile_banners/19694536/1690717979","https://pbs.twimg.com/profile_images/1365425625616556045/NDhia9nF_normal.jpg","thejustinwelsh","26263","none","https://t.co/hiULN7Eqg8","true",,,,,"1668096"
"1601566701262446594","2022-12-10T13:17:11.000Z","3076","Start a profitable side business for just $31 this weekend:

🧵","1601566701262446594","false","false","false","false",,,"37","134",,"494","https://twitter.com/thejustinwelsh/with_replies","https://twitter.com/thejustinwelsh/status/1601566701262446594","2009-01-29T03:47:15.000Z","false","The Diversified Solopreneur | Building my one-person business to $5M in annual profit and sharing everything I learn along the way at https://t.co/27OAdtwjh5","0","103133","456153","894","true","19694536","false","7411","Join 185K+ readers →","831","Justin Welsh","456153","false","https://pbs.twimg.com/profile_banners/19694536/1690717979","https://pbs.twimg.com/profile_images/1365425625616556045/NDhia9nF_normal.jpg","thejustinwelsh","26263","none","https://t.co/hiULN7Eqg8","true",,,,,
"1695770769719005300","2023-08-27T12:10:32.000Z","3094","I've never met someone who went broke by over-investing in themselves.","1695770769719005300","false","false","false","false",,,"37","211",,"499","https://twitter.com/thejustinwelsh/with_replies","https://twitter.com/thejustinwelsh/status/1695770769719005300","2009-01-29T03:47:15.000Z","false","The Diversified Solopreneur | Building my one-person business to $5M in annual profit and sharing everything I learn along the way at https://t.co/27OAdtwjh5","0","103133","456153","894","true","19694536","false","7411","Join 185K+ readers →","831","Justin Welsh","456153","false","https://pbs.twimg.com/profile_banners/19694536/1690717979","https://pbs.twimg.com/profile_images/1365425625616556045/NDhia9nF_normal.jpg","thejustinwelsh","26263","none","https://t.co/hiULN7Eqg8","true",,,,,"220987"
"1598693507954196480","2022-12-03T22:28:17.000Z","2959","@LeilaHormozi I run a one-person business that does $2M a year in net income, giving me roughly the same access to things that make people happy, work less than 40% of this, and I don't need to work myself to death to do it. 

Here's a routine that won't kill you: https://t.co/DF68RPW4V4","1599168674752917504","false","false","false","false","https://pbs.twimg.com/media/FjFjK7OXwAE5-Cb.jpg","photo","23","152","https://twitter.com/LeilaHormozi/status/1598693507954196480","67","https://twitter.com/thejustinwelsh/with_replies","https://twitter.com/thejustinwelsh/status/1599168674752917504","2009-01-29T03:47:15.000Z","false","The Diversified Solopreneur | Building my one-person business to $5M in annual profit and sharing everything I learn along the way at https://t.co/27OAdtwjh5","0","103133","456153","894","true","19694536","false","7411","Join 185K+ readers →","831","Justin Welsh","456153","false","https://pbs.twimg.com/profile_banners/19694536/1690717979","https://pbs.twimg.com/profile_images/1365425625616556045/NDhia9nF_normal.jpg","thejustinwelsh","26263","none","https://t.co/hiULN7Eqg8","true","242088970","Leila Hormozi","https://twitter.com/LeilaHormozi","LeilaHormozi",
"1696859629752398038","2023-08-30T12:17:16.000Z","3083","Behind every successful entrepreneur is:

∙ Ignored content
∙ Crippling self-doubt
∙ Worries about money
∙ Failed side hustle ideas
∙ Failed product launches

I don't care who it is. 
Everyone has experienced it.

That's why it's so important to root for each other.","1696859629752398038","false","false","false","false",,,"41","290",,"417","https://twitter.com/thejustinwelsh/with_replies","https://twitter.com/thejustinwelsh/status/1696859629752398038","2009-01-29T03:47:15.000Z","false","The Diversified Solopreneur | Building my one-person business to $5M in annual profit and sharing everything I learn along the way at https://t.co/27OAdtwjh5","0","103133","456153","894","true","19694536","false","7411","Join 185K+ readers →","831","Justin Welsh","456153","false","https://pbs.twimg.com/profile_banners/19694536/1690717979","https://pbs.twimg.com/profile_images/1365425625616556045/NDhia9nF_normal.jpg","thejustinwelsh","26263","none","https://t.co/hiULN7Eqg8","true",,,,,"262436"
